PRIMARY_KEY,Name,Year,Status,Category,Func
0,Google Search,1997,Active,Web Service,Web search engine
1,Gmail,2004,Active,Web Service,Email service
2,Google Maps,2005,Active,Web Service,Mapping and navigation
3,YouTube,2005,Active,Web Service,Video sharing platform
4,Google Docs,2006,Active,Productivity/Education,Online document editing and collaboration
5,Google Calendar,2006,Active,Productivity/Education,Online calendar
6,Google Chrome,2008,Active,Web Service,Web browser
7,Google Drive,2012,Active,Productivity/Education,Cloud storage and file synchronization
8,Google+,2011,Discontinued,Social,Social networking service
9,Google Photos,2015,Active,Social,Photo and video storage and sharing
10,Google Assistant,2016,Active,Virtual Assistant,Virtual assistant
11,Google Home,2016,Active,Smart Devices,Smart speaker
12,Google Pixel,2016,Active,Smart Devices,Line of consumer electronic devices
13,Google Duo,2016,Active,Social,Video chat app
14,Google Allo,2016,Discontinued,Social,Messaging app with virtual assistant
15,Google Podcasts,2018,Active,Entertainment,Podcast player and app
16,Google Stadia,2019,Active,Entertainment,Cloud gaming service
17,Google Meet,2017,Active,Social,Video conferencing service
18,Google Classroom,2014,Active,Productivity/Education,Online learning platform for schools
19,Google Earth,2001,Active,Web Service,"Virtual globe, map, and geographical information"
20,Google Translate,2006,Active,Language Service,Language translation service
21,Google News,2002,Active,Web Service,News aggregator
22,Google Fit,2014,Active,Health,Health tracking platform
23,Google Pay,2011 (as Google Wallet),Active,Financial,Digital wallet and payment service
24,Google Trends,2006,Active,Web Service,Search trends analysis
25,Google Analytics,2005,Active,Web Service,Web analytics service
26,Google AdWords,2000,Active,Web Service,Online advertising platform
27,Google Cloud Platform,2008,Active,Web Service,Cloud computing services
28,Google Nest,2011 (as Nest Labs),Active,Smart Devices,Smart home products
29,Google Workspace,2006 (as Google Apps),Active,Productivity/Education,"Suite of cloud computing, productivity, and collaboration tools"