PRIMARY_KEY,Name,Year,Status,Category,Func
0,Windows,1985,Active,Operating System,Operating system for personal computers
1,Microsoft Office,1989,Active,Productivity/Education,"Productivity suite including Word, Excel, PowerPoint"
2,Azure,2010,Active,Web Service,Cloud computing platform
3,Microsoft Edge,2015,Active,Web Service,Web browser
4,Microsoft Teams,2017,Active,Productivity/Education,"Collaboration platform for chat, video, and file sharing"
5,Microsoft 365,2011,Active,Productivity/Education,Cloud-based subscription service with Office apps
6,Xbox,2001,Active,Entertainment,Gaming console and gaming services
7,Outlook,2012,Active,Social,Email and personal information manager
8,OneDrive,2007,Active,Productivity/Education,Cloud storage service
9,Skype,2003,Active,Social,"Video and voice calling, instant messaging"
10,Microsoft Dynamics,2001,Active,Productivity/Education,Enterprise resource planning (ERP) and customer relationship management (CRM)
11,Visual Studio,1997,Active,Development,Integrated development environment (IDE)
12,SQL Server,1989,Active,Analytics,Relational database management system (RDBMS)
13,Power BI,2013,Active,Analytics,Business analytics service
14,Windows Server,2003,Active,Operating System,Operating system for servers
15,Microsoft Surface,2012,Active,Smart Device,Line of personal computing devices
16,Microsoft Flight Simulator,1982,Active,Entertainment,Flight simulation software
17,Microsoft Defender,2006,Active,Operating System,Antivirus and antimalware software
18,Visual Studio Code,2015,Active,Development,Source-code editor
19,Microsoft Access,1992,Active,Productivity/Education,Database management system (DBMS)
20,Microsoft Visio,1992,Active,Productivity/Education,Diagramming and vector graphics application
21,Microsoft SharePoint,2001,Active,Productivity/Education,Collaborative platform for document management and storage
22,Microsoft Exchange Server,1993,Active,Productivity/Education,"Email, calendaring, and contact management server"
23,Microsoft Power Platform,2019,Active,Workflow Automation,"Suite of applications, connectors, and a data platform for automating workflows"
24,Microsoft HoloLens,2016,Active,Smart Device,Augmented reality headset
25,Microsoft To Do,2017,Active,Productivity/Education,Task management app
26,Minecraft,2011,Active,Entertainment,Sandbox video game
27,LinkedIn,2002,Active,Social,Professional networking platform
28,Microsoft Edge (Chromium),2020,Active,Web Service,Web browser (Chromium-based version)
29,Microsoft Power Automate,2016 (as Microsoft Flow),Active,Workflow Automation,Workflow automation tool
30,GitHub,2008,Active,Development,Web-based hosting service for version control using Git